sensor_id,location,source_type,district,date,time,turbidity_ntu,ph,bacterial_count_cfu_ml,nitrate_mg_l,chlorine_mg_l,temperature_celsius,contamination_flag
IOT_W001,Village_A_Well,well,Assam,2026-02-01,11:30,2.3710123071903166,7.4049305121523465,5,0.4394426809497243,0.5651120681223976,27.255313390485135,0
IOT_W001,Village_A_Well,well,Assam,2026-02-02,16:04,1.4905354971792173,6.763712858409874,96,0.6043003248026613,1.8417271120844825,27.31941692018868,0
IOT_W001,Village_A_Well,well,Assam,2026-02-03,10:24,4.113616657620115,7.85823170970465,49,1.1343048123209365,0.5405181322854389,27.019195568436704,0
IOT_W001,Village_A_Well,well,Assam,2026-02-04,09:03,2.926100566736218,7.6735815146091895,8,0.2865046510343372,1.6713082616611312,27.484137255342265,0
IOT_W001,Village_A_Well,well,Assam,2026-02-05,10:49,4.858006551053283,6.856898216286568,19,0.38048460686256114,1.4387074847119825,29.566561241736157,0
IOT_W001,Village_A_Well,well,Assam,2026-02-06,08:00,1.6994030759517298,8.113682145421913,7,8.944500185411867,1.959322010518625,21.952940339349283,0
IOT_W001,Village_A_Well,well,Assam,2026-02-07,14:44,49.297736545381944,7.697821107878843,9338,53.33664044981977,0.3851360546872404,28.583220766891746,1
IOT_W001,Village_A_Well,well,Assam,2026-02-08,14:40,2.984971688240589,7.922662453056797,99,3.4441696766346785,1.1984581627014972,21.00948993872273,0
IOT_W001,Village_A_Well,well,Assam,2026-02-09,14:54,3.8808148636502016,7.437704506293658,27,1.2861486626827179,1.8820340624024485,25.441127167597713,0
IOT_W001,Village_A_Well,well,Assam,2026-02-10,14:10,4.973543261171485,7.033278171845927,97,9.98687771578648,1.8679213559912256,21.662295343491856,0
IOT_W001,Village_A_Well,well,Assam,2026-02-11,10:19,6.703023559474857,5.92207502161564,5329,35.77959117597507,0.06816179267315553,23.33663575850748,1
IOT_W001,Village_A_Well,well,Assam,2026-02-12,10:08,1.0160076396576956,7.408285094982627,40,0.9724038013184599,0.7650055619641343,24.99312113520382,0
IOT_W001,Village_A_Well,well,Assam,2026-02-13,14:47,1.8062404181347957,7.754893166321551,22,0.8050679800950977,0.6150046533081032,21.48220435924979,0
IOT_W001,Village_A_Well,well,Assam,2026-02-14,12:11,0.6021908307360846,8.441886267065549,42,2.0378894782407952,1.0653453695214954,28.502159295204773,0
IOT_W001,Village_A_Well,well,Assam,2026-02-15,12:33,2.8325207819832188,7.033824217279558,87,5.49735895540644,1.8718900377960606,26.086000645759587,0
IOT_W001,Village_A_Well,well,Assam,2026-02-16,13:22,2.4119161214681877,7.386735240984475,58,6.054622455757572,1.5065961570989232,22.886497813821762,0
IOT_W001,Village_A_Well,well,Assam,2026-02-17,16:14,4.658428707012235,6.610734116581418,75,0.6799876236555524,0.9649982447671599,28.068910263284344,0
IOT_W001,Village_A_Well,well,Assam,2026-02-18,16:32,0.3237831627019022,7.757665848467857,90,5.708206431848572,1.6790680325687302,23.857794568950325,0
IOT_W001,Village_A_Well,well,Assam,2026-02-19,13:29,1.3285673038251673,7.031970113014199,5,7.865313981305652,0.6276563643277215,27.981218051926096,0
IOT_W001,Village_A_Well,well,Assam,2026-02-20,09:26,0.5503477623496827,7.506465810033491,8,9.474595573588285,0.6343219407858116,20.928486570758505,0
IOT_W001,Village_A_Well,well,Assam,2026-02-21,10:10,2.713747962815978,7.721773821843058,99,4.946647587998686,1.0985859209671618,22.031948610295704,0
IOT_W001,Village_A_Well,well,Assam,2026-02-22,11:12,0.0962314755002508,7.117633637327321,44,4.5722984807864675,1.7208556243718447,25.46213911396675,0
IOT_W001,Village_A_Well,well,Assam,2026-02-23,12:34,2.2065496493026977,6.651314395022566,17,7.429423633797484,0.6066548049814411,22.757930327639674,0
IOT_W001,Village_A_Well,well,Assam,2026-02-24,09:42,0.8336418685920088,8.203402400774102,38,5.532850014475149,1.2236186044323047,23.537883023345103,0
IOT_W001,Village_A_Well,well,Assam,2026-02-25,12:33,3.0037487827114746,6.975203619257002,6,9.583345218675834,1.2714776353790294,29.059096491760776,0
IOT_W001,Village_A_Well,well,Assam,2026-02-26,14:18,3.6700462504685243,8.357997351106386,96,1.460166162613924,1.4162749307908955,22.10009441593445,0
IOT_W001,Village_A_Well,well,Assam,2026-02-27,14:54,0.7586210528642356,7.559716052091798,42,9.112751295527909,1.8462247243442595,21.20621221853657,0
IOT_W001,Village_A_Well,well,Assam,2026-02-28,13:05,1.4372961966325115,7.888003167886487,95,4.074446011078361,0.5073165445331104,29.523562379212343,0
IOT_W001,Village_A_Well,well,Assam,2026-03-01,13:30,2.9026189896839,6.932098567370746,48,1.7953336357306249,0.6658762681964497,25.9830636680617,0
IOT_W001,Village_A_Well,well,Assam,2026-03-02,12:46,3.5801996155668014,8.240477430036496,99,8.207014885389917,0.6942735965028741,25.81849576677889,0
IOT_W001,Village_A_Well,well,Assam,2026-03-03,16:36,3.6094698757512447,8.362372594219668,91,1.9732153236879812,1.312618999324871,21.842577076521728,0
IOT_W001,Village_A_Well,well,Assam,2026-03-04,08:37,2.191863754074978,7.530694202357649,53,5.49489988731088,1.5526139447181464,23.799624861025645,0
IOT_W001,Village_A_Well,well,Assam,2026-03-05,15:57,4.5363651260676985,7.055197216019856,28,0.7167711211312877,1.6615496714748021,21.809294439000247,0
IOT_W001,Village_A_Well,well,Assam,2026-03-06,17:12,1.0474800924133505,6.6027982972102786,2,9.94773075703423,0.5326960967235153,29.735843641442358,0
IOT_W001,Village_A_Well,well,Assam,2026-03-07,15:25,3.113874802678769,7.062029167875694,52,4.160442301392587,1.7987264919990762,25.020768105766386,0
IOT_W001,Village_A_Well,well,Assam,2026-03-08,14:44,0.30501880618783783,8.179812196355169,36,9.713196627055972,1.5477709848922088,21.416664943699672,0
IOT_W001,Village_A_Well,well,Assam,2026-03-09,12:25,0.8701321263737744,7.978550702165082,45,7.397017832509611,1.1854472738218642,27.509807733249474,0
IOT_W001,Village_A_Well,well,Assam,2026-03-10,09:50,2.669127162947029,7.922108403637762,74,8.73984284986005,1.373288355638051,22.31600213621945,0
IOT_W001,Village_A_Well,well,Assam,2026-03-11,16:21,4.457944794832241,8.127853007335144,82,9.178700996992442,0.652146890897402,21.31083463108057,0
IOT_W001,Village_A_Well,well,Assam,2026-03-12,17:12,3.6487680552185275,8.222550038625208,15,9.36219156056657,1.7463537054844298,24.322072940383855,0
IOT_W001,Village_A_Well,well,Assam,2026-03-13,14:43,2.540842856082624,7.302466004751552,48,8.340351178726896,0.7419352229233224,27.54781303014216,0
IOT_W001,Village_A_Well,well,Assam,2026-03-14,16:45,4.940246380954006,6.852621086200583,52,6.156949837399437,1.1647803516938997,29.7803331609555,0
IOT_W001,Village_A_Well,well,Assam,2026-03-15,08:49,4.981619217273895,6.514510499723832,82,7.965947996680995,1.9637559589225588,22.93563563681093,0
IOT_W001,Village_A_Well,well,Assam,2026-03-16,16:37,4.808242690304245,7.483293764091354,35,5.872501854730635,1.3402078081091808,25.25719518050865,0
IOT_W001,Village_A_Well,well,Assam,2026-03-17,17:58,0.2884306999596825,7.821035078135113,92,2.6029900498645175,1.6320760592367511,22.775866036512706,0
IOT_W001,Village_A_Well,well,Assam,2026-03-18,10:42,1.8199429359445403,6.829494457241283,22,6.55267323070502,1.0384681673994263,20.42568154391744,0
IOT_W001,Village_A_Well,well,Assam,2026-03-19,13:42,2.2630427807527447,8.217951940215892,30,0.21059273491040864,1.865576398282859,27.050709098495204,0
IOT_W001,Village_A_Well,well,Assam,2026-03-20,14:03,4.260307492559312,7.008434388094967,32,2.083830565353076,1.2980959493040722,25.71101112796938,0
IOT_W001,Village_A_Well,well,Assam,2026-03-21,14:42,1.2764905081266065,7.262632250275402,14,9.673874627970724,1.9765836358780495,29.363377889495123,0
IOT_W001,Village_A_Well,well,Assam,2026-03-22,09:55,4.5722837662649605,8.46148389143166,88,3.2433240300974853,1.7378582156161657,20.530132474825177,0
IOT_W001,Village_A_Well,well,Assam,2026-03-23,16:35,2.830494844273192,8.082892440221897,25,4.580593101449047,1.8173845465199836,27.978900731156443,0
IOT_W001,Village_A_Well,well,Assam,2026-03-24,16:44,26.642420734103066,9.360415667468931,967,39.26445489562677,0.3080310525743695,21.434318324202383,1
IOT_W001,Village_A_Well,well,Assam,2026-03-25,11:28,2.8476907556256714,7.153466057799749,8,3.3204658752225056,1.3241734894158168,28.039943444056576,0
IOT_W001,Village_A_Well,well,Assam,2026-03-26,16:25,3.6540504395040334,7.726274152037843,3,5.408049526410256,0.678835793443459,23.643718215051614,0
IOT_W001,Village_A_Well,well,Assam,2026-03-27,09:45,3.2321518199498955,7.527966754253614,69,6.503538472072914,1.2592091714671139,26.597082089193194,0
IOT_W001,Village_A_Well,well,Assam,2026-03-28,16:42,3.4734106134044445,7.119120618202057,55,4.095888071013313,1.2774133070758766,26.39410913959658,0
IOT_W001,Village_A_Well,well,Assam,2026-03-29,12:31,0.8477880647142694,8.229950114983602,5,4.3778393446833865,1.940787945708316,26.17308476318675,0
IOT_W001,Village_A_Well,well,Assam,2026-03-30,10:37,4.730494479789462,6.584181302021809,27,4.674066455442013,1.2205651304035035,20.404142716896256,0
IOT_W001,Village_A_Well,well,Assam,2026-03-31,09:11,2.21946206317984,7.15157019935255,63,8.200000336084765,1.1902184274739664,29.368770277329048,0
IOT_W001,Village_A_Well,well,Assam,2026-04-01,15:39,4.577323169913635,7.974043597395971,30,0.8428793615390973,0.519613917350003,21.55289444113182,0
IOT_W001,Village_A_Well,well,Assam,2026-04-02,09:57,2.979990534352399,7.281955414734369,81,9.254017785581354,1.9615833168232577,29.19330549968548,0
IOT_W001,Village_A_Well,well,Assam,2026-04-03,15:09,1.8979955913129753,8.446933122660568,79,0.8131095880333039,1.0975348724224099,23.41134222059909,0
IOT_W001,Village_A_Well,well,Assam,2026-04-04,15:54,1.0851672613520724,6.747997293866452,30,3.4999926325754727,1.2070843350617353,21.242876116603977,0
IOT_W001,Village_A_Well,well,Assam,2026-04-05,09:36,3.443352962890369,6.645805669797032,94,0.8461718528661777,1.1671618213504957,25.855766463477927,0
IOT_W001,Village_A_Well,well,Assam,2026-04-06,13:08,1.8540230979705363,6.613304011797863,78,5.275820983086028,1.9149442319575445,28.205775166398638,0
IOT_W001,Village_A_Well,well,Assam,2026-04-07,14:20,16.20207374939814,9.236248025201379,7764,34.338010680725375,0.08589041662126023,25.354095809862624,1
IOT_W001,Village_A_Well,well,Assam,2026-04-08,17:59,46.13275004971223,8.465702456709865,7971,19.619347966053866,0.16431412261384992,21.26152817455958,1
IOT_W001,Village_A_Well,well,Assam,2026-04-09,16:59,2.8025280428125194,8.027100310832477,65,1.2275361267523643,1.4642348410291772,22.39432567236608,0
IOT_W001,Village_A_Well,well,Assam,2026-04-10,10:05,3.5151276141042667,6.839375318762124,72,7.8737068788187905,1.7458297944745917,24.819866477652848,0
IOT_W001,Village_A_Well,well,Assam,2026-04-11,11:32,2.0742950940634035,8.364419141622719,37,2.916171102739903,1.8145015331978942,25.084646942691933,0
IOT_W001,Village_A_Well,well,Assam,2026-04-12,12:34,3.198394173741055,6.9868063482841265,20,8.188499473978325,1.7122865473769657,22.417303561957294,0
IOT_W001,Village_A_Well,well,Assam,2026-04-13,12:38,3.557183102496721,8.06650107498753,35,3.5468419848911825,0.9660662346140412,26.42328005664119,0
IOT_W001,Village_A_Well,well,Assam,2026-04-14,08:32,0.11755540433368017,6.89714000052955,72,5.7776257361549055,1.6565681544435398,22.325495611410297,0
IOT_W001,Village_A_Well,well,Assam,2026-04-15,11:26,0.5945716204361334,6.780442293926001,35,0.5302273708890626,0.8412987654965426,25.43635956803622,0
IOT_W001,Village_A_Well,well,Assam,2026-04-16,15:17,3.1704062168054743,6.614525869104301,99,7.150378784926015,1.5494547852444294,24.693454316927465,0
IOT_W001,Village_A_Well,well,Assam,2026-04-17,17:07,2.863005906706348,8.207733681543766,34,7.498679616903116,1.1547154540992155,25.021068436867633,0
IOT_W001,Village_A_Well,well,Assam,2026-04-18,12:31,19.263231041228707,5.0903601516144255,9353,19.304708992630676,0.4301628468600233,27.3300637670632,1
IOT_W001,Village_A_Well,well,Assam,2026-04-19,12:48,4.107690245531232,7.884250113723557,32,0.1856558223933391,1.3461711333265411,22.360203314419273,0
IOT_W001,Village_A_Well,well,Assam,2026-04-20,11:18,4.487645265778562,8.183496202504426,81,8.492180072794765,1.5673894085272548,29.732046221989926,0
IOT_W001,Village_A_Well,well,Assam,2026-04-21,08:48,0.6614127258342262,6.676480973132596,85,4.953941431567619,1.4821553100167533,28.563407129714278,0
IOT_W001,Village_A_Well,well,Assam,2026-04-22,10:18,1.2405320770676513,7.838318156720203,68,0.09035901948264424,0.9300293000850122,26.604565207230884,0
IOT_W001,Village_A_Well,well,Assam,2026-04-23,17:32,4.400466556146175,7.4268980853239634,56,4.925111767969296,1.0180823470769345,27.74939419764673,0
IOT_W001,Village_A_Well,well,Assam,2026-04-24,11:04,2.029947936369272,8.40087686932605,13,1.1981527809067538,1.8360940971810942,24.902603161495655,0
IOT_W001,Village_A_Well,well,Assam,2026-04-25,11:54,2.3300189890700898,7.764084619054158,13,3.0656890541004236,1.0759104688715824,27.562221440428196,0
IOT_W001,Village_A_Well,well,Assam,2026-04-26,09:24,1.223041514995027,7.522635590677533,44,1.5624866246246394,0.516032509098993,26.65304397886153,0
IOT_W001,Village_A_Well,well,Assam,2026-04-27,10:21,4.501432386032469,7.91182121213617,11,8.526838970453113,0.8775099522463556,23.46258111801322,0
IOT_W001,Village_A_Well,well,Assam,2026-04-28,10:51,3.3690976191839788,6.576855630630906,68,4.741169313582533,1.4259163389720069,22.181719912573126,0
IOT_W001,Village_A_Well,well,Assam,2026-04-29,10:41,2.2767772690505916,6.728153165546893,70,9.99402374977863,0.658123756370486,28.721338596600837,0
IOT_W001,Village_A_Well,well,Assam,2026-04-30,10:59,3.5782878402755536,8.437305217275568,52,2.1658302859608822,1.3372604973414446,23.941287235480488,0
IOT_W001,Village_A_Well,well,Assam,2026-05-01,09:08,4.241919790436299,8.092307736763068,33,4.195602699911561,0.6928467104464582,23.844107455472702,0
IOT_W002,Village_B_Tap,tap,Assam,2026-02-01,09:35,3.0633649316005416,8.224626095700959,77,8.230912426249247,1.3166245409485322,24.561220355865252,0
IOT_W002,Village_B_Tap,tap,Assam,2026-02-02,16:08,2.851937047026266,6.824210245231369,80,4.811017586688061,1.1132031231691562,28.100616154081322,0
IOT_W002,Village_B_Tap,tap,Assam,2026-02-03,13:15,4.48339615241041,7.3664516465494705,28,1.4377161749974499,1.479268168070151,27.810165515384583,0
IOT_W002,Village_B_Tap,tap,Assam,2026-02-04,17:03,4.178002540595082,6.51680574724785,83,7.685747893937589,1.4278684318741761,25.237764622856215,0
IOT_W002,Village_B_Tap,tap,Assam,2026-02-05,10:57,3.7286265680362076,7.076797444133734,81,0.8264717818391165,0.7730587063952841,28.69542769383921,0
IOT_W002,Village_B_Tap,tap,Assam,2026-02-06,10:57,3.84205786544452,6.665361821195968,3,1.4009440357632341,1.9309381927198501,29.5029197640759,0
IOT_W002,Village_B_Tap,tap,Assam,2026-02-07,12:57,3.99019297745547,8.025672639828487,45,1.6772442871481585,1.7888718225624194,20.437580457592322,0
IOT_W002,Village_B_Tap,tap,Assam,2026-02-08,12:07,0.7705302928473645,7.663866114783105,46,9.54112514914211,0.6999968954891904,25.32334264333496,0
IOT_W002,Village_B_Tap,tap,Assam,2026-02-09,08:59,0.4883148828409406,7.1313769724929115,51,4.308054862514163,1.8684304296682133,21.374241880848093,0
IOT_W002,Village_B_Tap,tap,Assam,2026-02-10,14:04,0.22920397964523165,7.604982763541998,37,9.058664588083847,1.988786154390269,25.806460007772948,0
IOT_W002,Village_B_Tap,tap,Assam,2026-02-11,16:07,24.635954372955684,6.749600083475309,440,57.490967333035336,0.12698765112604649,21.862764131996748,1
IOT_W002,Village_B_Tap,tap,Assam,2026-02-12,10:03,3.508618782077766,8.46283123974742,17,4.542917143977718,1.284380364776664,23.352606223559643,0
IOT_W002,Village_B_Tap,tap,Assam,2026-02-13,14:04,4.282856123343603,7.407569953454399,76,0.8140785531401595,1.0797773004725801,26.71951578635921,0
IOT_W002,Village_B_Tap,tap,Assam,2026-02-14,10:59,3.6382243233003857,7.74790233099665,21,7.139885585162764,0.9045649712964574,21.79510330219967,0
IOT_W002,Village_B_Tap,tap,Assam,2026-02-15,15:44,1.8424487156862583,8.286156605015272,52,0.8885719463213892,1.756217739474373,28.50721590629992,0
IOT_W002,Village_B_Tap,tap,Assam,2026-02-16,10:28,4.379155850121955,7.314362390234108,70,5.877626581529953,1.5688176497308217,22.912812532536943,0
IOT_W002,Village_B_Tap,tap,Assam,2026-02-17,10:18,2.404903226634194,7.080698163916729,4,8.970862397304344,1.0467857588259164,22.004395921963887,0
IOT_W002,Village_B_Tap,tap,Assam,2026-02-18,09:49,4.825048121356103,8.249531691719339,33,8.749382542306648,1.8514400659336425,29.017456857942797,0
IOT_W002,Village_B_Tap,tap,Assam,2026-02-19,11:23,3.748833174933874,6.567387668578306,25,9.347944986997565,1.744210938890915,27.51638794740807,0
IOT_W002,Village_B_Tap,tap,Assam,2026-02-20,08:19,2.3705364033490133,7.365853418927852,73,6.850830936997538,1.704772443632212,29.177123866197974,0
IOT_W002,Village_B_Tap,tap,Assam,2026-02-21,12:41,4.454924235309711,7.019956271335638,57,6.143351632228178,1.764126355104081,25.23392817495888,0
IOT_W002,Village_B_Tap,tap,Assam,2026-02-22,13:28,2.981490445783294,7.444617668431867,35,8.412367157864459,1.6627976889121245,27.134565259637704,0
IOT_W002,Village_B_Tap,tap,Assam,2026-02-23,11:42,0.3447786117168611,7.752392256389058,90,8.835705496901493,0.9754388075872296,20.970039115173947,0
IOT_W002,Village_B_Tap,tap,Assam,2026-02-24,12:08,1.805941945929419,6.794937862779031,55,2.654793785393098,0.60830887066527,26.34326202688171,0
IOT_W002,Village_B_Tap,tap,Assam,2026-02-25,16:53,3.6455722832948556,7.136210595695365,90,3.987343429075838,0.995669751628169,25.01366627704099,0
IOT_W002,Village_B_Tap,tap,Assam,2026-02-26,10:17,8.494618525243276,6.061365735471285,5556,78.78841756931394,0.22043738916395222,28.284503748549994,1
IOT_W002,Village_B_Tap,tap,Assam,2026-02-27,17:09,2.414945225019605,7.81041496890125,62,5.063379302484014,1.840429318116069,24.736407157874243,0
IOT_W002,Village_B_Tap,tap,Assam,2026-02-28,16:53,4.348134828514994,8.320644589797446,19,4.4661046015981345,1.4886960921164756,21.706656545006847,0
IOT_W002,Village_B_Tap,tap,Assam,2026-03-01,16:46,4.2244826760660565,6.917613599860169,55,1.1923477981805752,1.0118090771898238,25.888898600642975,0
IOT_W002,Village_B_Tap,tap,Assam,2026-03-02,12:05,3.3556782313491103,7.24152930250211,85,8.525591865523937,0.9735239482990407,26.656793241223838,0
IOT_W002,Village_B_Tap,tap,Assam,2026-03-03,16:16,1.5081148997439209,7.566449447410484,21,2.260220145296347,0.7058864890856937,25.708127951728443,0
IOT_W002,Village_B_Tap,tap,Assam,2026-03-04,14:31,0.9612239358719371,7.339504265054977,31,3.2446489607896734,0.8586877145855196,29.743446638086933,0
IOT_W002,Village_B_Tap,tap,Assam,2026-03-05,11:08,3.765105047081732,7.91733585412359,26,9.769922590277263,1.8004749882126643,22.56379740522441,0
IOT_W002,Village_B_Tap,tap,Assam,2026-03-06,08:20,1.296778197409879,6.657908346523849,16,1.5139463216767324,0.7220774533883362,27.179168982661913,0
IOT_W002,Village_B_Tap,tap,Assam,2026-03-07,17:56,3.418375905098126,8.059473782011933,55,2.80466223980941,1.0088784250283243,27.72960178517061,0
IOT_W002,Village_B_Tap,tap,Assam,2026-03-08,11:56,2.986770422468114,7.552685649172157,79,5.375724341205107,0.9327792836343364,21.700568703330383,0
IOT_W002,Village_B_Tap,tap,Assam,2026-03-09,12:28,2.459285432384976,7.7631921122808905,54,4.520868351802686,0.6890443504403485,23.10723252297542,0
IOT_W002,Village_B_Tap,tap,Assam,2026-03-10,13:50,1.7852426543938382,7.725796489655238,84,4.246182873808396,1.355472693958808,23.51181313084905,0
IOT_W002,Village_B_Tap,tap,Assam,2026-03-11,12:54,0.6203487171900207,7.807712003356814,84,7.079292644329145,1.1214119690228563,22.527036262822122,0
IOT_W002,Village_B_Tap,tap,Assam,2026-03-12,15:43,3.897913204477734,7.634192224751769,37,1.7515033867692664,1.8600759075808626,20.12748920761153,0
IOT_W002,Village_B_Tap,tap,Assam,2026-03-13,10:19,3.9609763511787666,8.368843422916013,42,6.417608182343187,0.9377497480479366,23.940657644982117,0
IOT_W002,Village_B_Tap,tap,Assam,2026-03-14,09:08,1.783860154362145,6.729229450029663,12,8.143240344847168,1.530728047994166,22.845142072318797,0
IOT_W002,Village_B_Tap,tap,Assam,2026-03-15,14:24,4.396601587127052,7.869620255278301,6,3.2083888210335756,1.4831527309805632,26.361643889956085,0
IOT_W002,Village_B_Tap,tap,Assam,2026-03-16,10:13,2.3594150151213524,6.758097330931623,38,4.1802008711485374,1.0993316441928462,23.222292147428657,0
IOT_W002,Village_B_Tap,tap,Assam,2026-03-17,16:37,0.8615562027351087,7.3411164601664245,62,9.938825029791959,0.7962594424814701,27.187709170073248,0
IOT_W002,Village_B_Tap,tap,Assam,2026-03-18,13:28,0.534745402819175,6.818771363597869,63,2.0132823467634053,1.5072810374155239,27.907402597741186,0
IOT_W002,Village_B_Tap,tap,Assam,2026-03-19,12:09,4.261159878020212,7.849413735028256,86,3.581523893364632,1.0863094432116829,26.89902591171447,0
IOT_W002,Village_B_Tap,tap,Assam,2026-03-20,17:35,1.0243132572112668,8.289389287240635,68,6.10400472982371,1.0569548748739233,20.778946879314788,0
IOT_W002,Village_B_Tap,tap,Assam,2026-03-21,10:24,6.741573657843807,7.001999611803252,1324,26.84414085758774,0.0708887316144935,25.958171756320944,1
IOT_W002,Village_B_Tap,tap,Assam,2026-03-22,16:45,0.46262134038992875,7.3606748805909,1,3.357185018408445,0.9543128287640397,21.100868014230493,0
IOT_W002,Village_B_Tap,tap,Assam,2026-03-23,16:16,34.39761135188959,4.65864471120892,8688,13.21088666660848,0.32623156716842716,28.64020979479033,1
IOT_W002,Village_B_Tap,tap,Assam,2026-03-24,14:41,3.4064820527490363,7.085631161875854,90,2.7000535498854674,0.7447823291842246,25.376036943154908,0
IOT_W002,Village_B_Tap,tap,Assam,2026-03-25,11:50,2.281532082516417,6.712712741978061,24,8.967385847360466,0.6590415432273377,23.34330310138356,0
IOT_W002,Village_B_Tap,tap,Assam,2026-03-26,11:24,4.5807181414723095,7.971993475495443,95,0.5172890201378177,0.9823244018095102,29.46200248689101,0
IOT_W002,Village_B_Tap,tap,Assam,2026-03-27,15:32,2.076561881877226,6.528632830388654,59,3.281015964159425,1.368523350841168,24.568874568390076,0
IOT_W002,Village_B_Tap,tap,Assam,2026-03-28,09:13,4.575795938258688,6.917378210285811,88,9.941671097991193,0.6751003384190248,29.03575391488588,0
IOT_W002,Village_B_Tap,tap,Assam,2026-03-29,09:31,3.042578214811902,7.982414244122245,16,4.239862295288229,1.756940397468565,26.092147932858516,0
IOT_W002,Village_B_Tap,tap,Assam,2026-03-30,10:27,4.06750858547347,8.275303252562479,49,1.9226983542815357,1.7900782594501283,24.33919665754029,0
IOT_W002,Village_B_Tap,tap,Assam,2026-03-31,11:36,0.39443340622162315,7.95891482497901,4,8.885049721481106,0.6689048284335857,22.745062890612818,0
IOT_W002,Village_B_Tap,tap,Assam,2026-04-01,10:01,3.074438725157399,7.9641276964065915,50,8.746698868348082,1.0588462466535922,24.94719801468154,0
IOT_W002,Village_B_Tap,tap,Assam,2026-04-02,08:02,3.414107705276859,7.275674425259671,4,6.346502769521277,1.4577472439568848,23.090322921914165,0
IOT_W002,Village_B_Tap,tap,Assam,2026-04-03,17:04,4.542053049363756,8.002698523243392,25,7.4181847060371755,1.3043103977723818,24.89642652335181,0
IOT_W002,Village_B_Tap,tap,Assam,2026-04-04,16:50,0.2427466832849129,8.045664435814178,95,8.975240495400193,0.5043953756929338,23.11729368507126,0
IOT_W002,Village_B_Tap,tap,Assam,2026-04-05,17:12,2.192370111405604,7.540200857623752,48,5.995752946887789,1.6226935205689554,28.44882975730281,0
IOT_W002,Village_B_Tap,tap,Assam,2026-04-06,11:40,4.50455490023874,8.346717612715484,13,7.587197415864241,1.0231142569580418,20.87798492798694,0
IOT_W002,Village_B_Tap,tap,Assam,2026-04-07,10:17,2.091566287989444,8.15463533083156,93,4.618252806926993,1.8831389812115438,24.116487702376297,0
IOT_W002,Village_B_Tap,tap,Assam,2026-04-08,16:35,1.194722686093257,7.2441539594801245,10,2.995486522496554,1.1782456612170855,29.17512719141191,0
IOT_W002,Village_B_Tap,tap,Assam,2026-04-09,13:27,4.5878157366442816,8.352203208693519,7,1.0170969794259799,1.3019666780804378,22.136403019233196,0
IOT_W002,Village_B_Tap,tap,Assam,2026-04-10,17:51,3.4652424367214776,8.115924428632574,38,4.405933114682366,1.5713513878665735,22.36503026389463,0
IOT_W002,Village_B_Tap,tap,Assam,2026-04-11,13:01,1.9554631965838876,8.346935020329742,84,9.806013711019895,1.9612331182182676,20.2882326086992,0
IOT_W002,Village_B_Tap,tap,Assam,2026-04-12,08:52,4.379000483096366,6.7585372251144555,71,4.281845155403157,1.0925936420403715,28.140603087078226,0
IOT_W002,Village_B_Tap,tap,Assam,2026-04-13,17:24,4.436951295294216,8.247855644354448,15,5.996909622684557,1.1475258081042086,28.87891743767881,0
IOT_W002,Village_B_Tap,tap,Assam,2026-04-14,14:45,4.145624172729651,7.05547728120985,85,8.241149024527111,1.858425980846475,28.674531766976965,0
IOT_W002,Village_B_Tap,tap,Assam,2026-04-15,13:26,0.5118726769533727,7.301446773958195,30,3.0136247559729803,1.9772031622844728,23.0268557043517,0
IOT_W002,Village_B_Tap,tap,Assam,2026-04-16,14:29,2.8481935617784164,7.460876456257449,93,7.1549893180885284,1.539587253365309,20.21476246182526,0
IOT_W002,Village_B_Tap,tap,Assam,2026-04-17,10:26,3.1452915636300673,6.824059180262855,22,2.721434006664384,1.2763558427044241,26.86368856744703,0
IOT_W002,Village_B_Tap,tap,Assam,2026-04-18,13:01,3.4174019518664362,6.573343332424898,94,0.13998461117061822,0.9640641705078467,21.91868712258114,0
IOT_W002,Village_B_Tap,tap,Assam,2026-04-19,16:06,4.031747349988964,7.97594491373519,45,8.838036344622537,1.4254125606872272,26.74658990452277,0
IOT_W002,Village_B_Tap,tap,Assam,2026-04-20,17:48,3.1062751442531473,8.329710182318598,35,2.4227096693252714,1.7029708882295673,22.223831884950616,0
IOT_W002,Village_B_Tap,tap,Assam,2026-04-21,09:31,4.40125031260089,6.67852813972903,46,5.7035502832507365,1.3129181180862206,22.29828023401222,0
IOT_W002,Village_B_Tap,tap,Assam,2026-04-22,16:52,0.644549518964494,7.33451531098438,76,9.812827261993661,1.3920508109166854,29.484103206739153,0
IOT_W002,Village_B_Tap,tap,Assam,2026-04-23,12:36,0.2732144566725653,7.8633546011460265,33,7.695696756383432,1.451387044627988,27.404424730494547,0
IOT_W002,Village_B_Tap,tap,Assam,2026-04-24,14:53,0.013179292941639664,7.6351959885819785,58,5.341281300770564,1.2405935998626012,24.20750797640882,0
IOT_W002,Village_B_Tap,tap,Assam,2026-04-25,13:58,0.29345207785375027,7.745194142851345,54,5.777322742286115,1.5237307447748907,25.492863780411987,0
IOT_W002,Village_B_Tap,tap,Assam,2026-04-26,13:40,26.474274781410212,6.81040116274714,388,49.212078739302356,0.44615842824371527,29.87701860993196,1
IOT_W002,Village_B_Tap,tap,Assam,2026-04-27,12:27,0.7767327524395545,7.699723103220471,91,3.4087367074476136,0.5478037102338864,22.612704436387112,0
IOT_W002,Village_B_Tap,tap,Assam,2026-04-28,17:50,2.9426376020944867,8.186378177314609,33,5.245709253016009,1.2372910938248989,28.696890619580664,0
IOT_W002,Village_B_Tap,tap,Assam,2026-04-29,15:43,5.369961577697881,7.5812040534799685,3039,83.37123311465541,0.4896327392001864,23.367242741964898,1
IOT_W002,Village_B_Tap,tap,Assam,2026-04-30,13:10,3.003770737589608,6.777640776400495,66,8.863764700498484,0.7611748516523016,24.849431270139064,0
IOT_W002,Village_B_Tap,tap,Assam,2026-05-01,16:51,1.041627931767271,7.396061992634924,55,0.39802879807694147,0.564389480988035,26.22315259619597,0
IOT_W003,Village_C_River,river,Tripura,2026-02-01,13:48,2.4778076217146863,6.61507274612961,24,0.42087215979582315,1.3705763373818176,29.564207844207438,0
IOT_W003,Village_C_River,river,Tripura,2026-02-02,10:31,2.1658735406612726,6.679881838607811,80,0.45325262608087113,0.8504892132184445,20.087479781800116,0
IOT_W003,Village_C_River,river,Tripura,2026-02-03,08:56,37.94543401173623,8.247521730305152,5675,21.386228190834018,0.4227628926914436,26.534217435178086,1
IOT_W003,Village_C_River,river,Tripura,2026-02-04,13:08,4.298001231177619,8.115670981193249,3,0.7764898243641782,1.6031367666544867,23.308826959083117,0
IOT_W003,Village_C_River,river,Tripura,2026-02-05,13:49,1.6153721899867846,8.08262325271057,8,3.8673380559858272,1.262933816571905,24.734347351812563,0
IOT_W003,Village_C_River,river,Tripura,2026-02-06,10:42,1.2013047164307507,7.940302034791646,86,9.885120419276271,1.4399670426917073,29.289758513480592,0
IOT_W003,Village_C_River,river,Tripura,2026-02-07,09:44,0.12834688117691506,7.1220545263022075,15,6.974302690256122,1.2692904384390509,29.65756725548693,0
IOT_W003,Village_C_River,river,Tripura,2026-02-08,10:31,0.47139867909416433,7.455162166707984,90,5.297294507433751,1.94344884635676,22.020403839891706,0
IOT_W003,Village_C_River,river,Tripura,2026-02-09,10:31,1.5611263193662317,8.08611784437752,74,8.131722973571689,0.9030517046572124,23.696480295911194,0
IOT_W003,Village_C_River,river,Tripura,2026-02-10,15:54,3.2456257895922294,8.39043641626654,69,6.138084768519691,0.9068404441974665,28.90726632948448,0
IOT_W003,Village_C_River,river,Tripura,2026-02-11,14:20,3.8930449078491463,6.781165182330545,24,3.0358514718172747,1.438567947063785,28.877084217946564,0
IOT_W003,Village_C_River,river,Tripura,2026-02-12,12:24,4.898728197572183,8.1089391542094,51,7.024917066764958,0.6883167394966136,21.799566334194353,0
IOT_W003,Village_C_River,river,Tripura,2026-02-13,15:12,24.4390674990479,9.12479812108831,8908,63.57404859707543,0.37677520684280597,23.35742971315734,1
IOT_W003,Village_C_River,river,Tripura,2026-02-14,11:55,0.11363368304836641,6.699119822152838,23,0.3556344616188045,1.747528569255208,21.338761247132588,0
IOT_W003,Village_C_River,river,Tripura,2026-02-15,16:16,1.7894460339776002,7.356389527640293,18,0.24459486964869437,0.9664784539379258,21.1707014003527,0
IOT_W003,Village_C_River,river,Tripura,2026-02-16,09:01,0.6325921150806635,6.5013377331623605,98,5.165230357795853,1.4210582471318003,26.60943703497489,0
IOT_W003,Village_C_River,river,Tripura,2026-02-17,16:00,4.627414394213626,8.014963288434897,82,6.293718890168396,1.915565995283378,25.066660208148786,0
IOT_W003,Village_C_River,river,Tripura,2026-02-18,16:13,18.22622746081973,5.701930917611623,6159,83.71487077858546,0.12392242973388445,22.144352736709074,1
IOT_W003,Village_C_River,river,Tripura,2026-02-19,17:24,4.104695879513151,6.787054093580323,11,4.2385502509811,1.1979621682173485,20.43557344890781,0
IOT_W003,Village_C_River,river,Tripura,2026-02-20,15:22,3.599872442020797,6.699835572760978,23,0.27755693111052415,1.6711294668963648,29.33944176901579,0
IOT_W003,Village_C_River,river,Tripura,2026-02-21,13:38,36.384633558150455,6.887479901356346,2218,28.17799786207135,0.3504420301310072,22.058311943044334,1
IOT_W003,Village_C_River,river,Tripura,2026-02-22,17:02,12.138850768859102,4.829406844814976,6976,47.28178813372733,0.3993989531504157,23.013390709084035,1
IOT_W003,Village_C_River,river,Tripura,2026-02-23,16:17,46.14037687990379,7.410585173323897,7015,70.45536428171312,0.21518727695253842,29.443948852162848,1
IOT_W003,Village_C_River,river,Tripura,2026-02-24,09:44,7.056073225296167,7.049100598911833,655,90.09845542372736,0.47770049604457077,26.267148392558912,1
IOT_W003,Village_C_River,river,Tripura,2026-02-25,17:44,40.48005024346332,6.487785361743799,6665,63.94883613692021,0.2219642101253234,27.726090730526302,1
IOT_W003,Village_C_River,river,Tripura,2026-02-26,14:49,4.552494365608465,8.449157326120657,74,6.934319738682406,1.8785738116580766,25.42293973354657,0
IOT_W003,Village_C_River,river,Tripura,2026-02-27,09:59,0.37597982619294257,7.794977177471893,13,9.962217311273418,0.9458136133103422,24.167016857632145,0
IOT_W003,Village_C_River,river,Tripura,2026-02-28,13:28,36.40787893074696,8.86608782337516,9570,76.19766281751025,0.3841803922678648,29.905162873064164,1
IOT_W003,Village_C_River,river,Tripura,2026-03-01,13:48,17.77813078939397,6.906235954454627,6676,13.02810080579875,0.3881428749171824,26.903375453485054,1
IOT_W003,Village_C_River,river,Tripura,2026-03-02,11:39,19.600991317455552,6.269392816299339,9606,64.74825670824075,0.12260871636053622,25.301564201648265,1
IOT_W003,Village_C_River,river,Tripura,2026-03-03,15:42,4.36999767304875,7.533145876624328,50,5.208535754659032,1.437810057881846,23.4552930967364,0
IOT_W003,Village_C_River,river,Tripura,2026-03-04,10:16,4.056508654886003,7.591215136798333,87,9.548452590338245,1.0134607897148156,22.374868748253817,0
IOT_W003,Village_C_River,river,Tripura,2026-03-05,09:09,1.2726595990864042,7.039127360521001,84,0.9613537734629463,1.581751290556233,20.785333017290625,0
IOT_W003,Village_C_River,river,Tripura,2026-03-06,16:38,1.6909886211828473,7.141651913335233,29,6.890021711579324,0.655375646675691,22.917755803214657,0
IOT_W003,Village_C_River,river,Tripura,2026-03-07,12:53,0.8274525093463686,8.456679696924233,21,6.5402564377679875,1.2430683865759464,23.859389600151985,0
IOT_W003,Village_C_River,river,Tripura,2026-03-08,08:55,1.5467643237019968,6.596190880590063,62,7.866938792695047,1.8652329349942345,29.734475498006447,0
IOT_W003,Village_C_River,river,Tripura,2026-03-09,11:46,0.9264411115867133,7.420323527520058,81,7.77898953098253,1.3097721570398275,25.018492589211345,0
IOT_W003,Village_C_River,river,Tripura,2026-03-10,13:55,28.06042114528787,4.974088360282977,557,61.212158379918016,0.0725572734424092,27.985899122403136,1
IOT_W003,Village_C_River,river,Tripura,2026-03-11,13:22,3.07099554679683,8.19844555147775,73,9.943587598410467,1.9602969713966918,20.86866451306154,0
IOT_W003,Village_C_River,river,Tripura,2026-03-12,11:54,2.3949088331897856,8.092792135314184,99,7.56162616447511,1.1535111267531113,23.403129856125332,0
IOT_W003,Village_C_River,river,Tripura,2026-03-13,13:01,45.6859175045383,8.538974767700942,8998,70.09466469154808,0.019953696170086466,29.686261103800128,1
IOT_W003,Village_C_River,river,Tripura,2026-03-14,11:01,0.043754976588504246,7.971418302407583,0,9.095646993780521,1.306990104923472,24.36426757030223,0
IOT_W003,Village_C_River,river,Tripura,2026-03-15,14:23,4.124877399198588,7.367459178708561,18,6.079937428067266,0.9123681503944148,23.05341460629849,0
IOT_W003,Village_C_River,river,Tripura,2026-03-16,15:37,49.611903835530995,4.92128205211652,4387,83.00174302734189,0.3670506834259033,26.089994469424468,1
IOT_W003,Village_C_River,river,Tripura,2026-03-17,08:10,1.0626542083416068,6.578553454898403,62,0.5297317587144723,0.8419856704300799,21.06523220559036,0
IOT_W003,Village_C_River,river,Tripura,2026-03-18,09:12,1.5891719369440231,7.8515932761404175,96,0.6116993117529834,1.0090827119433106,25.99148029680067,0
IOT_W003,Village_C_River,river,Tripura,2026-03-19,15:13,1.0150830738853822,7.0681319631005755,56,6.798648188061063,0.763399204491012,26.65737976194521,0
IOT_W003,Village_C_River,river,Tripura,2026-03-20,12:52,3.0013414124771898,6.887677475905749,83,3.2597320530420615,1.3592329620026464,27.246382015457765,0
IOT_W003,Village_C_River,river,Tripura,2026-03-21,17:59,4.572721667018639,7.524503773291945,85,4.244452934629851,1.8583550057449396,29.75022844772527,0
IOT_W003,Village_C_River,river,Tripura,2026-03-22,17:41,1.0581683753356326,8.206938638531353,60,0.8435873689609297,1.2009031032819728,24.804876644920952,0
IOT_W003,Village_C_River,river,Tripura,2026-03-23,14:28,2.2368320639189094,6.856884663141216,71,2.668997308768124,0.7148312596540569,20.148701871395104,0
IOT_W003,Village_C_River,river,Tripura,2026-03-24,16:04,12.966722214844348,4.063477665899674,4588,24.77743240333995,0.25830600787817215,20.02980908636542,1
IOT_W003,Village_C_River,river,Tripura,2026-03-25,14:12,10.580492268278306,6.6615413908217205,4024,92.89746895305683,0.002760487548217727,25.43840233626451,1
IOT_W003,Village_C_River,river,Tripura,2026-03-26,14:01,3.144318136064282,6.810061176706491,15,4.172706320802409,1.7816328886860808,24.114058908667072,0
IOT_W003,Village_C_River,river,Tripura,2026-03-27,16:02,4.306949978439606,6.647115815403939,90,1.4471387232862842,0.6574191338335276,20.147770456292715,0
IOT_W003,Village_C_River,river,Tripura,2026-03-28,14:20,4.841642034643412,8.285701994536252,37,5.958515744896388,1.146393994773145,29.63069077656786,0
IOT_W003,Village_C_River,river,Tripura,2026-03-29,16:24,28.126767763984507,8.939524640956439,6421,67.98857883689939,0.40645188067205784,20.282493334233784,1
IOT_W003,Village_C_River,river,Tripura,2026-03-30,17:36,2.2258520449698747,7.315939241066978,0,3.9887479273106843,1.540353599014385,25.094772244807142,0
IOT_W003,Village_C_River,river,Tripura,2026-03-31,15:00,1.4964203608911824,8.122421058048404,81,1.935111758256175,0.788758353194892,26.405485790537785,0
IOT_W003,Village_C_River,river,Tripura,2026-04-01,15:38,3.2379000775801448,8.171627264806238,3,4.945452724593858,0.7094273110805072,27.56274476317646,0
IOT_W003,Village_C_River,river,Tripura,2026-04-02,15:42,2.422368121355984,7.41603645857072,80,2.007531536607954,1.8743707860027996,26.70744223652266,0
IOT_W003,Village_C_River,river,Tripura,2026-04-03,10:26,3.2886281584780166,7.642147458160964,78,1.1683421549398687,1.0597937445780734,21.046904711151775,0
IOT_W003,Village_C_River,river,Tripura,2026-04-04,11:02,4.760462799754906,8.003692506020272,92,6.711036496960193,1.0563549948850302,29.340384855773756,0
IOT_W003,Village_C_River,river,Tripura,2026-04-05,17:47,4.081104771995041,6.785826086777992,44,3.238636195028961,1.7910793939702232,25.443696867239893,0
IOT_W003,Village_C_River,river,Tripura,2026-04-06,10:48,1.4121682783714617,6.6003042429605,76,0.6509928893439465,1.0644381838913943,29.299461814143882,0
IOT_W003,Village_C_River,river,Tripura,2026-04-07,15:04,15.702544724574594,6.267183863596329,8332,80.65600011593764,0.3559035077151841,24.33567711108933,1
IOT_W003,Village_C_River,river,Tripura,2026-04-08,12:49,1.262329698171566,8.192133246781433,23,4.396463439761341,1.4716229403765557,28.195485862245185,0
IOT_W003,Village_C_River,river,Tripura,2026-04-09,14:11,13.754797720506387,7.18810113565023,9226,15.075289539803737,0.010689334933639827,28.116304411833976,1
IOT_W003,Village_C_River,river,Tripura,2026-04-10,14:13,33.40031752241232,5.433167878567534,2763,55.37697421904214,0.4458177627567688,22.98707426949844,1
IOT_W003,Village_C_River,river,Tripura,2026-04-11,17:35,48.77910439705755,7.760334688685471,1041,16.097253223322006,0.18364114042215657,25.603942491620497,1
IOT_W003,Village_C_River,river,Tripura,2026-04-12,08:07,1.542624043347366,8.067752383636083,66,7.68427537918847,1.9539794060087607,24.882379227631173,0
IOT_W003,Village_C_River,river,Tripura,2026-04-13,15:52,12.259380775104825,4.158507009260905,9268,27.257749541349483,0.3242529805404841,28.471005875592184,1
IOT_W003,Village_C_River,river,Tripura,2026-04-14,08:17,4.0422711979814245,6.652348494326788,28,6.991975481340106,1.11243510439801,28.894880882751096,0
IOT_W003,Village_C_River,river,Tripura,2026-04-15,12:31,42.48689396024556,5.673363555742073,4730,37.51314232242872,0.4980269818883476,22.380793290271438,1
IOT_W003,Village_C_River,river,Tripura,2026-04-16,15:26,17.897810255202543,9.352073892076946,3018,83.56319265809663,0.36315840929332344,25.686648075552554,1
IOT_W003,Village_C_River,river,Tripura,2026-04-17,10:44,12.899217936717017,8.759473972334675,8833,69.13133622582637,0.3671923014506374,25.47734637729226,1
IOT_W003,Village_C_River,river,Tripura,2026-04-18,17:54,0.882202095042875,8.205233107831235,63,7.546370140364909,1.652579613978019,23.270649516589824,0
IOT_W003,Village_C_River,river,Tripura,2026-04-19,09:10,2.9575109015426824,8.0061054834219,47,9.270837068882335,1.2203734655814948,26.81358888132961,0
IOT_W003,Village_C_River,river,Tripura,2026-04-20,16:46,3.8166472705413512,6.564727686166353,39,1.0091729797155846,1.4747960737376418,27.96256952230553,0
IOT_W003,Village_C_River,river,Tripura,2026-04-21,09:34,0.5144414295755084,7.067291540533865,46,8.225537194442678,0.610636254601056,27.43432608542061,0
IOT_W003,Village_C_River,river,Tripura,2026-04-22,10:45,0.3939652162214663,8.22357549449832,61,4.2218467727621185,1.5219181515446825,27.793878565134417,0
IOT_W003,Village_C_River,river,Tripura,2026-04-23,13:28,2.193708478653913,7.816491208456844,19,9.786293290582384,1.3242240979523916,29.61216789732474,0
IOT_W003,Village_C_River,river,Tripura,2026-04-24,08:12,0.44299800387412325,8.142968370104402,47,3.2923624568555434,0.9135379668077291,24.726553035220988,0
IOT_W003,Village_C_River,river,Tripura,2026-04-25,14:16,4.162622133831255,7.780741218618731,21,6.3801644983998145,1.243908147044888,24.590451824073266,0
IOT_W003,Village_C_River,river,Tripura,2026-04-26,16:42,4.039272394712275,6.9536210140929295,85,9.472006297390092,1.4135788486879184,24.75945599081426,0
IOT_W003,Village_C_River,river,Tripura,2026-04-27,12:19,36.389788984177244,8.312866350971888,1813,89.47741173396368,0.4801667402692032,23.899323979112214,1
IOT_W003,Village_C_River,river,Tripura,2026-04-28,14:24,2.9804979519916026,7.8759808583149455,25,0.5573991235653819,1.2860445666123554,26.779807849983303,0
IOT_W003,Village_C_River,river,Tripura,2026-04-29,15:36,2.886933600085861,6.863801006118028,85,3.093967673939936,1.3487005165128958,29.44666055041511,0
IOT_W003,Village_C_River,river,Tripura,2026-04-30,10:29,27.98710941220251,6.632284187079349,6795,19.504964624454516,0.4389235195123671,22.1875025729829,1
IOT_W003,Village_C_River,river,Tripura,2026-05-01,16:23,1.5908693104809206,7.308667471298328,67,5.081557564192273,1.3916478193227708,26.31548040625577,0
IOT_W004,Village_D_Tank,tank,Meghalaya,2026-02-01,12:47,4.307539913122965,7.9088425732992285,71,4.789632029813041,1.9330520796053599,27.965623176479827,0
IOT_W004,Village_D_Tank,tank,Meghalaya,2026-02-02,09:16,1.4401582362227288,8.233839922869903,11,2.6747265919618055,1.1860990691097695,22.356491776301734,0
IOT_W004,Village_D_Tank,tank,Meghalaya,2026-02-03,13:14,1.711318610757947,6.616939290285778,33,9.904932969125577,0.663969351936271,20.754444589156506,0
IOT_W004,Village_D_Tank,tank,Meghalaya,2026-02-04,08:08,2.4412835297007214,7.978657117609948,3,0.05350315839803499,1.9706792169416911,27.257773483718825,0
IOT_W004,Village_D_Tank,tank,Meghalaya,2026-02-05,17:11,0.6700864130647877,6.663199410757001,41,5.923328826126481,0.6267250514555052,29.722538330596784,0
IOT_W004,Village_D_Tank,tank,Meghalaya,2026-02-06,13:47,4.519131932773735,8.179676465308585,20,9.999779226431121,1.1738912206019358,23.697254004798296,0
IOT_W004,Village_D_Tank,tank,Meghalaya,2026-02-07,14:22,3.8205855663104864,6.940930856021326,1,0.7844836175318037,1.0597443969510354,24.80880369893745,0
IOT_W004,Village_D_Tank,tank,Meghalaya,2026-02-08,17:05,2.87703243498135,7.0067998531591655,64,0.6389046194674752,1.8161892730900513,24.331119480213314,0
IOT_W004,Village_D_Tank,tank,Meghalaya,2026-02-09,08:20,3.013312844268847,7.614274705051981,93,8.989770462866886,1.7561734362419128,28.60422747195056,0
IOT_W004,Village_D_Tank,tank,Meghalaya,2026-02-10,09:10,2.911109997263377,7.728520779054523,85,1.3602050493000373,1.2522809260339196,21.700482960311238,0
IOT_W004,Village_D_Tank,tank,Meghalaya,2026-02-11,09:41,5.483565285581396,9.98277052636012,2553,22.49995971254088,0.07632506349752421,23.055910446997704,1
IOT_W004,Village_D_Tank,tank,Meghalaya,2026-02-12,08:44,2.3211611773305076,6.57226570933124,67,2.990950925630833,0.899093132758586,27.297908006518664,0
IOT_W004,Village_D_Tank,tank,Meghalaya,2026-02-13,11:15,4.457213255565026,8.122494812669492,42,9.386221482489589,0.6572466183051642,26.751453728541414,0
IOT_W004,Village_D_Tank,tank,Meghalaya,2026-02-14,13:42,0.3374507487389333,7.49613543741066,85,8.24396493777035,0.9789474509687963,26.722582749414386,0
IOT_W004,Village_D_Tank,tank,Meghalaya,2026-02-15,17:29,1.6275789854051697,7.475533844079854,82,5.9416480666722205,1.8247369943420786,22.73141815690162,0
IOT_W004,Village_D_Tank,tank,Meghalaya,2026-02-16,11:36,3.6456180804436706,7.133317468799659,45,3.8187775882488753,1.5834678081792,20.140008985386054,0
IOT_W004,Village_D_Tank,tank,Meghalaya,2026-02-17,11:40,1.4402346350199342,6.755729943757588,38,5.113850065978434,0.9572762701484787,23.171042365070175,0
IOT_W004,Village_D_Tank,tank,Meghalaya,2026-02-18,12:22,1.7277247414567993,7.870897763574656,52,7.203066195975948,1.7543611105570884,25.76450124621128,0
IOT_W004,Village_D_Tank,tank,Meghalaya,2026-02-19,17:45,0.2723967683160078,6.599903468681628,62,9.094803211714204,1.059703125755112,27.348332391816683,0
IOT_W004,Village_D_Tank,tank,Meghalaya,2026-02-20,10:56,1.8639790950898667,7.127728899164259,2,7.4082357749461085,0.5695079452244931,28.183593619646757,0
IOT_W004,Village_D_Tank,tank,Meghalaya,2026-02-21,12:33,3.8506809725095614,8.487411702956987,34,5.074463703211309,0.6489477722022833,25.976022506788343,0
IOT_W004,Village_D_Tank,tank,Meghalaya,2026-02-22,16:07,0.00521050770806053,7.683429135553125,48,5.476253852006698,0.8309739174362334,28.345730319301133,0
IOT_W004,Village_D_Tank,tank,Meghalaya,2026-02-23,11:32,1.8211150030567662,7.646142725345008,68,6.672016298757852,1.094460253455813,27.913261915835,0
IOT_W004,Village_D_Tank,tank,Meghalaya,2026-02-24,16:15,3.6573717670410892,8.403246297207279,45,0.3076071474913644,1.8659581023762661,26.593614427593153,0
IOT_W004,Village_D_Tank,tank,Meghalaya,2026-02-25,17:36,3.7573230101336677,7.531568969820382,28,6.940702492048962,0.6999761684198285,23.333590453198283,0
IOT_W004,Village_D_Tank,tank,Meghalaya,2026-02-26,17:43,3.9298018084197213,7.932086889948292,18,8.790335260464735,1.9601253251067285,22.13256940949926,0
IOT_W004,Village_D_Tank,tank,Meghalaya,2026-02-27,15:48,2.9278542286566474,7.734829459728977,88,9.63616519964109,1.8643109640387616,20.666658049029955,0
IOT_W004,Village_D_Tank,tank,Meghalaya,2026-02-28,15:28,1.6709791521831907,6.913196142527362,65,7.126453168548069,1.5345865491434658,20.364091612797353,0
IOT_W004,Village_D_Tank,tank,Meghalaya,2026-03-01,09:42,1.8973461575105022,6.523722517972095,81,1.3462157789312446,0.919974755882276,27.699609507585745,0
IOT_W004,Village_D_Tank,tank,Meghalaya,2026-03-02,17:14,0.7767775686839606,6.945802176520626,67,1.3804688810248578,1.3812106311197028,26.29231539863511,0
IOT_W004,Village_D_Tank,tank,Meghalaya,2026-03-03,16:50,7.225216927133159,7.641302652850326,5986,87.13902535477044,0.17105654606293702,28.42399028829797,1
IOT_W004,Village_D_Tank,tank,Meghalaya,2026-03-04,09:01,2.5824315219157716,8.352449290705874,30,5.674284510794144,0.6071083526184571,26.61900226086474,0
IOT_W004,Village_D_Tank,tank,Meghalaya,2026-03-05,10:03,2.691862901888886,7.34377733963591,34,8.656133595415147,0.8410906138704777,29.28859255507419,0
IOT_W004,Village_D_Tank,tank,Meghalaya,2026-03-06,12:45,2.6756359526496176,7.654989683103311,42,9.341198167085006,1.8146471770446229,27.942689692568628,0
IOT_W004,Village_D_Tank,tank,Meghalaya,2026-03-07,08:13,2.8538739736020435,6.535324068487673,57,6.0352283804129225,0.6061366960178733,29.138122460840524,0
IOT_W004,Village_D_Tank,tank,Meghalaya,2026-03-08,13:36,2.3515420940120797,7.949894051017694,19,2.9341515356576253,0.6243391779518936,28.865449420000047,0
IOT_W004,Village_D_Tank,tank,Meghalaya,2026-03-09,13:47,4.234544457450361,8.450571304209895,8,1.1614598290687361,1.8306737431348246,20.183883282316753,0
IOT_W004,Village_D_Tank,tank,Meghalaya,2026-03-10,08:59,49.41095686880246,8.92951201626131,5400,88.4603617937579,0.15474463095083157,28.747493953247663,1
IOT_W004,Village_D_Tank,tank,Meghalaya,2026-03-11,13:17,1.1884310987732167,8.098226624259901,40,3.8815965811147777,1.8512056038502178,26.933524813532664,0
IOT_W004,Village_D_Tank,tank,Meghalaya,2026-03-12,11:19,48.97592170352006,8.050166415971482,1915,20.483690681372057,0.2136721105939316,24.874317088636033,1
IOT_W004,Village_D_Tank,tank,Meghalaya,2026-03-13,13:20,0.46338270350927857,7.399138958777012,12,2.9154450300338395,1.3740602858781232,21.66983375836358,0
IOT_W004,Village_D_Tank,tank,Meghalaya,2026-03-14,17:25,15.578430234287445,8.790076623777916,9374,94.42757272621135,0.37638038140846947,29.57407975356268,1
IOT_W004,Village_D_Tank,tank,Meghalaya,2026-03-15,17:06,11.800269947842654,9.279879595823445,996,15.261037785604769,0.039525752920850754,24.806068248296754,1
IOT_W004,Village_D_Tank,tank,Meghalaya,2026-03-16,12:25,4.475335159342001,7.205693553107775,81,1.1435327009360108,1.190011806757675,23.827670968865036,0
IOT_W004,Village_D_Tank,tank,Meghalaya,2026-03-17,09:27,3.8688887802681515,6.708813765971868,36,2.681603464050617,1.909266226322401,26.949856096548768,0
IOT_W004,Village_D_Tank,tank,Meghalaya,2026-03-18,08:46,43.844880434618204,7.7387290824970005,7318,49.33006570634155,0.4657549011101167,29.496900475344077,1
IOT_W004,Village_D_Tank,tank,Meghalaya,2026-03-19,11:49,0.0013331303099939351,7.982542445546964,84,4.306907589703053,0.8677282391725099,20.56498680116734,0
IOT_W004,Village_D_Tank,tank,Meghalaya,2026-03-20,11:27,3.464539712658954,7.729083472877791,16,5.866213178354637,1.4620565879496341,22.36581643971229,0
IOT_W004,Village_D_Tank,tank,Meghalaya,2026-03-21,13:57,0.5570422221507793,7.580951234589014,55,1.3726990757098245,1.3797896798965867,23.150934788823722,0
IOT_W004,Village_D_Tank,tank,Meghalaya,2026-03-22,14:58,3.9078129452563957,7.395085046897181,62,7.64645221341855,1.00214963783809,28.9673447055888,0
IOT_W004,Village_D_Tank,tank,Meghalaya,2026-03-23,17:19,33.573580210079896,4.145854706062357,3581,66.09333826428667,0.3136496624004721,28.247105408796198,1
IOT_W004,Village_D_Tank,tank,Meghalaya,2026-03-24,09:21,3.5630118427224566,8.30354552883179,50,1.8535944549894423,0.7314658091283789,21.331789033311516,0
IOT_W004,Village_D_Tank,tank,Meghalaya,2026-03-25,15:38,32.29474913380055,7.721815996099118,8840,94.14872995755239,0.23287967274443766,26.75558420489064,1
IOT_W004,Village_D_Tank,tank,Meghalaya,2026-03-26,16:37,2.1356635707536338,7.548491592353041,80,7.948479444901924,1.0930179320163855,28.013476103143518,0
IOT_W004,Village_D_Tank,tank,Meghalaya,2026-03-27,14:57,35.10204741697679,4.488608866273672,5396,57.70796129231026,0.06316494595972066,27.31341103535088,1
IOT_W004,Village_D_Tank,tank,Meghalaya,2026-03-28,10:02,4.679333741006762,6.899598043866163,52,6.204879551137732,1.6665489854871833,20.557348756289183,0
IOT_W004,Village_D_Tank,tank,Meghalaya,2026-03-29,12:15,0.7935662791897824,7.809744094279567,20,2.429955044734741,1.9457649372145471,20.46579663691458,0
IOT_W004,Village_D_Tank,tank,Meghalaya,2026-03-30,09:03,2.66790373257958,7.05118928785623,0,3.502867831029466,1.6258952563131035,22.447134551719408,0
IOT_W004,Village_D_Tank,tank,Meghalaya,2026-03-31,13:14,2.2683045944013336,7.68569652809123,62,4.565750372193663,1.8199508457863365,28.790172980219467,0
IOT_W004,Village_D_Tank,tank,Meghalaya,2026-04-01,09:42,0.46980980036395725,6.844228698051891,54,5.006270593320333,1.9937574879918316,20.996157782586813,0
IOT_W004,Village_D_Tank,tank,Meghalaya,2026-04-02,12:02,1.9748560500902985,7.722502894617658,75,8.475553998328044,1.9414084791580755,25.946100460301697,0
IOT_W004,Village_D_Tank,tank,Meghalaya,2026-04-03,13:06,4.183550909758919,6.698891979892986,67,0.8365239358292664,1.277252944760206,29.128361539961823,0
IOT_W004,Village_D_Tank,tank,Meghalaya,2026-04-04,14:47,3.050476275405934,8.05536487368597,5,2.2477699513870686,1.716995332289698,22.452558761477786,0
IOT_W004,Village_D_Tank,tank,Meghalaya,2026-04-05,14:15,2.523071043038421,6.706376721548828,90,3.5794747460066234,0.7630936604936562,29.924432158219666,0
IOT_W004,Village_D_Tank,tank,Meghalaya,2026-04-06,08:14,2.644099900227313,8.216205436496756,51,6.1019349809805234,1.0514662710589715,25.217254593244558,0
IOT_W004,Village_D_Tank,tank,Meghalaya,2026-04-07,13:27,37.97609390603402,9.078219790964102,9926,64.53232286586103,0.4440107277479965,28.95884607107441,1
IOT_W004,Village_D_Tank,tank,Meghalaya,2026-04-08,16:16,1.7245097527252207,8.161282660998161,3,3.2059375997161697,1.679568536163339,27.03230175465307,0
IOT_W004,Village_D_Tank,tank,Meghalaya,2026-04-09,11:14,4.190204816966277,8.231649777210219,22,4.702391173882102,1.4528160713959721,27.27706533665803,0
IOT_W004,Village_D_Tank,tank,Meghalaya,2026-04-10,14:38,4.957607600282565,7.921080260251248,10,2.616125757862778,1.9192169280593796,29.719074491422177,0
IOT_W004,Village_D_Tank,tank,Meghalaya,2026-04-11,10:05,3.5372211232750828,8.12680217959297,37,1.3836372117718565,0.68151825701525,24.845041848911627,0
IOT_W004,Village_D_Tank,tank,Meghalaya,2026-04-12,13:23,0.42611043668462856,8.073396832795442,12,8.217275283279278,1.0887904628304326,22.589434282141752,0
IOT_W004,Village_D_Tank,tank,Meghalaya,2026-04-13,16:38,4.862738055240993,7.91325318628501,56,8.487691598787057,1.7439934949897615,29.68445343753647,0
IOT_W004,Village_D_Tank,tank,Meghalaya,2026-04-14,11:38,4.318974481799386,7.9578312088637695,83,5.897872227585083,1.93034266077608,20.255511041257385,0
IOT_W004,Village_D_Tank,tank,Meghalaya,2026-04-15,15:28,2.62028779083046,7.486126581205698,58,1.8564905099652562,0.5878156898062585,20.07196049460366,0
IOT_W004,Village_D_Tank,tank,Meghalaya,2026-04-16,11:59,0.20885554861095668,7.661836636760169,74,1.5231867945357613,1.8101071345826492,28.307592331332266,0
IOT_W004,Village_D_Tank,tank,Meghalaya,2026-04-17,12:35,1.7914705109399087,8.036100655735666,63,6.137821268110864,1.240119818820227,25.74239369399648,0
IOT_W004,Village_D_Tank,tank,Meghalaya,2026-04-18,08:18,3.6692751373355814,8.137153477505075,58,0.9590260172823961,1.3012007717939624,26.639524626113158,0
IOT_W004,Village_D_Tank,tank,Meghalaya,2026-04-19,16:01,2.25862782394155,7.47321872559643,18,7.507306473997103,0.925670492938689,25.9840690871506,0
IOT_W004,Village_D_Tank,tank,Meghalaya,2026-04-20,11:45,1.6292789073209386,8.219433377721908,66,2.616917613137969,1.305513658642226,23.827173841927017,0
IOT_W004,Village_D_Tank,tank,Meghalaya,2026-04-21,11:15,15.716934058831114,9.323468632652498,2393,76.9375078664129,0.29292911782227293,21.939234281198807,1
IOT_W004,Village_D_Tank,tank,Meghalaya,2026-04-22,12:50,1.3351673342952926,8.393731404848985,25,4.768619636892443,1.625870890871336,28.64766302578785,0
IOT_W004,Village_D_Tank,tank,Meghalaya,2026-04-23,17:07,1.5530131162813472,7.281174197843805,36,3.836471875413615,1.7404856795847525,20.2324616681928,0
IOT_W004,Village_D_Tank,tank,Meghalaya,2026-04-24,10:52,4.161154528007504,6.868735927775667,48,6.732848341446025,1.7560382007204094,20.594620999231232,0
IOT_W004,Village_D_Tank,tank,Meghalaya,2026-04-25,14:46,1.6329636931217801,7.326439602050062,44,1.82302381806848,1.830795705777362,29.19962478312615,0
IOT_W004,Village_D_Tank,tank,Meghalaya,2026-04-26,11:23,0.7502350766032828,7.274663012613168,71,7.353326806080909,1.5147351539775555,22.25061414839124,0
IOT_W004,Village_D_Tank,tank,Meghalaya,2026-04-27,12:17,2.722218821077134,8.123888347862158,90,2.7808447911025915,1.6279530423323876,29.312802617364326,0
IOT_W004,Village_D_Tank,tank,Meghalaya,2026-04-28,10:42,4.626561706425166,8.487419722368404,71,8.261329089872293,1.0410378395854794,20.407758694652223,0
IOT_W004,Village_D_Tank,tank,Meghalaya,2026-04-29,15:36,0.8099039515876372,7.797524885066124,45,6.608965831858383,0.7501507913876405,24.438464409490173,0
IOT_W004,Village_D_Tank,tank,Meghalaya,2026-04-30,15:00,1.231575829446217,6.950753213919388,46,3.568849077715112,1.1237148644837216,20.266505051561698,0
IOT_W004,Village_D_Tank,tank,Meghalaya,2026-05-01,13:55,2.906752191812206,7.469432450010135,6,3.7679357343280073,1.5911455276639552,25.331826634088888,0
IOT_W005,Village_E_Well,well,Manipur,2026-02-01,11:54,3.0422667907668566,7.005536001029229,66,1.7549350912468542,1.1754367898874942,29.736757334626695,0
IOT_W005,Village_E_Well,well,Manipur,2026-02-02,11:47,1.1428379280976957,7.6490353592390505,49,4.990480319767046,1.7696280444461503,27.84866853086773,0
IOT_W005,Village_E_Well,well,Manipur,2026-02-03,08:24,3.1344674858850596,7.040135876153682,35,7.042620603268692,0.8675326332670747,24.329692555503012,0
IOT_W005,Village_E_Well,well,Manipur,2026-02-04,15:21,1.2511626089106698,7.681800109830558,92,8.589236764794812,0.526188011085517,24.233864040877563,0
IOT_W005,Village_E_Well,well,Manipur,2026-02-05,13:42,2.8790082158858255,7.803509855939691,51,5.9270153553756195,1.5057385129324643,20.732943954982833,0
IOT_W005,Village_E_Well,well,Manipur,2026-02-06,09:00,4.000540210132515,7.185832541764896,33,1.122686209932734,1.1692070392024303,27.95896751812574,0
IOT_W005,Village_E_Well,well,Manipur,2026-02-07,11:24,1.8432782504344898,7.129500745246613,4,3.0468850228833455,0.9569484806727362,27.38910452284367,0
IOT_W005,Village_E_Well,well,Manipur,2026-02-08,16:44,41.49942453517953,9.597476183670853,663,76.58151548486546,0.058614203875893334,29.746582748689608,1
IOT_W005,Village_E_Well,well,Manipur,2026-02-09,13:53,4.798914150560106,7.704057628041613,44,6.628160518244037,0.9870472169968777,21.769838762588876,0
IOT_W005,Village_E_Well,well,Manipur,2026-02-10,10:51,2.768178644521006,7.011778227631874,47,8.104316243638841,0.733422868488874,27.49751380645157,0
IOT_W005,Village_E_Well,well,Manipur,2026-02-11,15:42,3.0862454509559374,8.224996738502675,11,0.14458419084749208,0.7534146873387603,27.139325395299764,0
IOT_W005,Village_E_Well,well,Manipur,2026-02-12,10:28,37.29126555174841,9.820053414987742,7428,62.49993777815174,0.47847139905296293,26.117979721011274,1
IOT_W005,Village_E_Well,well,Manipur,2026-02-13,10:21,3.7928746494560635,7.499775865973997,77,5.6362815605377135,1.2275053572537082,21.534923526205223,0
IOT_W005,Village_E_Well,well,Manipur,2026-02-14,13:41,3.7724823635880234,7.009880824247923,67,9.02176287424496,1.312740339881131,23.79494210390505,0
IOT_W005,Village_E_Well,well,Manipur,2026-02-15,12:59,4.359574762813662,7.18860674006385,85,0.849474397513702,0.6060917378467228,23.52899388771124,0
IOT_W005,Village_E_Well,well,Manipur,2026-02-16,17:10,1.7264966728258853,7.51588918655808,2,6.383672209352196,1.2463360888424635,26.001584073249603,0
IOT_W005,Village_E_Well,well,Manipur,2026-02-17,12:59,22.69555689827896,7.7551373149771,5272,85.12893760897994,0.15305448332063848,22.459151346746474,1
IOT_W005,Village_E_Well,well,Manipur,2026-02-18,13:24,31.45147948151805,9.104246810959932,2721,58.48885751469381,0.18338705095061575,27.383155741345643,1
IOT_W005,Village_E_Well,well,Manipur,2026-02-19,10:42,4.435028729966891,7.235025779197725,53,1.2344433051525805,0.5068964224594331,23.62824545375609,0
IOT_W005,Village_E_Well,well,Manipur,2026-02-20,13:10,1.7521554766047254,7.990132718597782,93,5.707231897534601,1.3704357704401469,29.620832544717185,0
IOT_W005,Village_E_Well,well,Manipur,2026-02-21,15:04,1.4369956657449907,6.9579106585883865,55,2.668132775789196,0.7625744748902882,24.038164186445808,0
IOT_W005,Village_E_Well,well,Manipur,2026-02-22,12:52,3.4573801674961957,7.2074736687003975,16,6.4120593808197395,1.2541674054006127,28.727339471570126,0
IOT_W005,Village_E_Well,well,Manipur,2026-02-23,10:50,0.8458183198641661,6.989737322436557,50,7.520239881202691,0.5711100985859416,21.304530095919297,0
IOT_W005,Village_E_Well,well,Manipur,2026-02-24,08:11,4.131011414051045,8.241083375960535,88,9.108725717913211,1.5843311107595792,28.094661130058505,0
IOT_W005,Village_E_Well,well,Manipur,2026-02-25,08:53,4.033758919887783,7.4561765819917545,62,7.647207350462592,0.6133801333903159,23.28633070819583,0
IOT_W005,Village_E_Well,well,Manipur,2026-02-26,16:33,4.136507965208493,7.515314323368306,76,0.5719297448540517,1.9682631352417974,22.816720215751648,0
IOT_W005,Village_E_Well,well,Manipur,2026-02-27,09:20,2.266185704453985,7.558535524229027,94,9.841498063383764,0.5734758858328984,27.921921822801128,0
IOT_W005,Village_E_Well,well,Manipur,2026-02-28,08:41,4.037714824942208,6.905347007402182,75,3.95585294764083,1.2311636458527593,26.341142004193422,0
IOT_W005,Village_E_Well,well,Manipur,2026-03-01,08:11,4.209451016512615,6.511818131093336,83,7.780377371949858,0.5509948310615012,22.723909782468798,0
IOT_W005,Village_E_Well,well,Manipur,2026-03-02,10:06,0.10872241348250655,6.79980238916789,64,0.8860356621774623,1.3858130842254355,20.260185291422925,0
IOT_W005,Village_E_Well,well,Manipur,2026-03-03,15:44,1.1874733045212098,7.859242539799746,66,9.606242151816438,1.1943657858362435,20.958561258639424,0
IOT_W005,Village_E_Well,well,Manipur,2026-03-04,09:25,2.0277591990087727,6.9057879778718565,56,1.5829722752995123,1.4551093438532317,20.712879584953843,0
IOT_W005,Village_E_Well,well,Manipur,2026-03-05,15:46,3.569537944942116,6.642200633061209,95,8.551194428293748,0.8000706722824549,25.068521232446383,0
IOT_W005,Village_E_Well,well,Manipur,2026-03-06,08:50,3.369763893005144,7.879675981658416,12,0.9397454609228528,0.5668107599461958,26.446795236139945,0
IOT_W005,Village_E_Well,well,Manipur,2026-03-07,11:54,2.34152192780967,7.035371382636914,68,9.390343718818327,1.1510651851157205,27.272095307050527,0
IOT_W005,Village_E_Well,well,Manipur,2026-03-08,15:00,3.1273833279812893,8.11462296743189,54,8.924172898420434,1.2300311480986545,25.12185613163578,0
IOT_W005,Village_E_Well,well,Manipur,2026-03-09,13:25,38.90079313987852,7.2768483033349645,3984,70.17956440064629,0.28712360548472926,26.713872382717383,1
IOT_W005,Village_E_Well,well,Manipur,2026-03-10,17:36,3.3689721549511162,8.41234338540452,14,3.7459029605633507,0.8401635421154259,28.77317975300674,0
IOT_W005,Village_E_Well,well,Manipur,2026-03-11,12:28,0.7317656201391021,7.06123063955514,59,6.331556680897931,1.883696897423798,25.746298096465253,0
IOT_W005,Village_E_Well,well,Manipur,2026-03-12,12:06,2.247527218679142,7.79661805745719,67,8.048804730242924,0.618701161650157,24.160928167301954,0
IOT_W005,Village_E_Well,well,Manipur,2026-03-13,16:49,4.3119535972622955,6.898239845713632,79,9.155244310299723,1.0949770335507083,23.766017729397923,0
IOT_W005,Village_E_Well,well,Manipur,2026-03-14,17:07,1.0448025247639092,6.84360023692545,53,4.490043879260877,1.5552518453513895,28.617212564717498,0
IOT_W005,Village_E_Well,well,Manipur,2026-03-15,17:32,1.1558482471891978,7.049330086680193,66,1.4775997941339558,0.7846758974840173,23.567773027002666,0
IOT_W005,Village_E_Well,well,Manipur,2026-03-16,17:39,3.819503867440255,7.50986646321506,28,1.6634626709595168,1.1543812387841388,24.176940847041642,0
IOT_W005,Village_E_Well,well,Manipur,2026-03-17,11:32,0.8041113614397,7.2509171295747645,50,7.1620977527241205,0.5027354926901528,27.522752936480455,0
IOT_W005,Village_E_Well,well,Manipur,2026-03-18,17:30,3.846662957826637,6.8658819715552735,84,2.1889065313276648,1.7504117774378443,27.865647584364808,0
IOT_W005,Village_E_Well,well,Manipur,2026-03-19,12:01,6.448710802032607,4.968059658169512,444,92.74474099544852,0.19185845144605057,27.20113943277206,1
IOT_W005,Village_E_Well,well,Manipur,2026-03-20,08:07,2.4542745917706084,7.910840779759901,43,4.485700680888015,1.6693197217750773,28.390371907676894,0
IOT_W005,Village_E_Well,well,Manipur,2026-03-21,16:05,0.7021387898938442,7.4132163434803955,8,7.46368131011543,1.4459907271462757,28.649488666509864,0
IOT_W005,Village_E_Well,well,Manipur,2026-03-22,12:29,0.8623013494003134,8.457036834475623,10,6.297362295480667,1.2318526911804104,28.634623025741877,0
IOT_W005,Village_E_Well,well,Manipur,2026-03-23,14:03,2.886926638169207,8.197474241786221,6,2.883874208368007,0.6509354752109118,29.991296052832844,0
IOT_W005,Village_E_Well,well,Manipur,2026-03-24,11:50,4.797111052153643,7.449771313789309,88,8.578767164392996,1.6455702833596622,29.49524358701605,0
IOT_W005,Village_E_Well,well,Manipur,2026-03-25,14:46,1.0629186930264618,8.131176019759666,39,5.196779176799247,1.5883825454453548,28.50858469065044,0
IOT_W005,Village_E_Well,well,Manipur,2026-03-26,09:47,1.3111659171722645,8.353759229032145,72,0.9178017389409088,1.9857781488364161,27.63425991958518,0
IOT_W005,Village_E_Well,well,Manipur,2026-03-27,17:20,1.8011840569621924,8.164687659994886,62,9.25290335706115,1.801350329653445,26.25683623777394,0
IOT_W005,Village_E_Well,well,Manipur,2026-03-28,15:25,20.521617884411253,5.02171109514815,1173,63.039387320593455,0.10575356594363405,22.092626880253984,1
IOT_W005,Village_E_Well,well,Manipur,2026-03-29,14:01,2.3440498186857788,8.079136469840961,78,0.799083908942182,1.5181480218049002,21.56974345727427,0
IOT_W005,Village_E_Well,well,Manipur,2026-03-30,13:27,3.893928265041317,7.742807439809031,3,6.734864938354797,1.6888516007252146,28.95784564799382,0
IOT_W005,Village_E_Well,well,Manipur,2026-03-31,08:16,1.381787198371394,7.657769959122722,70,2.987460545251701,1.1671566513163891,23.555514139702378,0
IOT_W005,Village_E_Well,well,Manipur,2026-04-01,11:22,4.264069696936644,8.404346791514833,84,4.76315540836082,1.4213609674871561,21.21893877370595,0
IOT_W005,Village_E_Well,well,Manipur,2026-04-02,16:06,1.7211967969930226,6.771548216288485,25,9.207542227178218,1.6733559943282672,22.15032247110591,0
IOT_W005,Village_E_Well,well,Manipur,2026-04-03,09:07,4.465395482720358,7.2016394040144895,96,1.4588358790587386,1.6939270930157444,24.136037051372924,0
IOT_W005,Village_E_Well,well,Manipur,2026-04-04,09:39,3.728711716639066,6.965423143990191,62,1.453645155095633,1.436136434075011,20.065003567072612,0
IOT_W005,Village_E_Well,well,Manipur,2026-04-05,15:38,0.46307055072297265,7.580402951136736,54,1.5947484073278895,1.8971287024235703,28.924265683489317,0
IOT_W005,Village_E_Well,well,Manipur,2026-04-06,11:30,2.8402096736271916,7.854234656017458,27,2.354967516039191,1.3041387491820888,25.63534059428303,0
IOT_W005,Village_E_Well,well,Manipur,2026-04-07,09:21,0.17653515876503656,7.6464280515801,79,4.908533846170874,0.8970683018426198,21.394386227969672,0
IOT_W005,Village_E_Well,well,Manipur,2026-04-08,16:11,0.6764356659335596,8.226953694260889,93,8.758912537324134,1.1594695453923878,21.66170674349975,0
IOT_W005,Village_E_Well,well,Manipur,2026-04-09,12:23,2.2872297042223515,6.56305949502746,45,4.577372246487145,1.1523423008669558,26.099008402471036,0
IOT_W005,Village_E_Well,well,Manipur,2026-04-10,10:27,0.6339969215513563,8.129780984870772,47,5.187307908495445,1.1945626997750995,22.97067764937446,0
IOT_W005,Village_E_Well,well,Manipur,2026-04-11,14:44,0.7431429196643385,7.2892895351526965,47,6.20937918531169,1.709483024687966,24.94043430894363,0
IOT_W005,Village_E_Well,well,Manipur,2026-04-12,15:09,4.648923076924396,7.29522816438427,94,8.895339738564237,1.0285521876271004,23.765244458613797,0
IOT_W005,Village_E_Well,well,Manipur,2026-04-13,13:47,4.370142849717575,7.804720577248086,58,7.740782140100367,0.8407700706135482,29.429126930956723,0
IOT_W005,Village_E_Well,well,Manipur,2026-04-14,17:22,2.7009048438769687,7.800139419871905,67,8.774851174537984,1.7216909762382744,29.991743011368236,0
IOT_W005,Village_E_Well,well,Manipur,2026-04-15,08:52,0.8958229286336833,7.344707906294716,20,6.125130463293295,0.6111001098994802,26.996661014220926,0
IOT_W005,Village_E_Well,well,Manipur,2026-04-16,16:53,4.045101340101952,6.995828634276958,0,1.0070315486231374,1.7473021539988816,29.035262092139327,0
IOT_W005,Village_E_Well,well,Manipur,2026-04-17,16:31,1.5962490952117387,7.4141653902685904,51,5.294602533109948,1.9295391885455628,26.858453961322553,0
IOT_W005,Village_E_Well,well,Manipur,2026-04-18,12:56,2.266156763410855,6.773437614509973,88,5.838993577024708,1.9689023287338188,20.411465582449665,0
IOT_W005,Village_E_Well,well,Manipur,2026-04-19,09:40,2.9812131423756014,6.533852290789306,3,7.954749531621909,0.6312224980706913,27.69744284455286,0
IOT_W005,Village_E_Well,well,Manipur,2026-04-20,15:07,4.636590649934479,6.935154832840962,15,5.625218256929653,1.3438385727456101,29.800498773793734,0
IOT_W005,Village_E_Well,well,Manipur,2026-04-21,17:50,2.869960595071004,7.907709952708468,83,8.117326702316749,0.6999582779938358,21.378647374004842,0
IOT_W005,Village_E_Well,well,Manipur,2026-04-22,08:29,3.019842030686336,8.079520283353482,18,6.452394481126374,0.6905870240714362,28.53703947354924,0
IOT_W005,Village_E_Well,well,Manipur,2026-04-23,09:18,38.9086921713463,4.793158357163315,2342,67.71579575932768,0.2681731912456751,26.04004820879075,1
IOT_W005,Village_E_Well,well,Manipur,2026-04-24,16:15,0.41989020487199713,7.697530637405713,84,0.9232063277578195,1.5099370326081047,23.4517853375354,0
IOT_W005,Village_E_Well,well,Manipur,2026-04-25,17:15,2.87609158122355,7.594056870373219,93,5.412847903375427,1.703287363304128,27.08525998072129,0
IOT_W005,Village_E_Well,well,Manipur,2026-04-26,09:33,3.7586254995402095,6.789145882031203,35,6.3424025348813515,1.7827974914757758,25.348451746364397,0
IOT_W005,Village_E_Well,well,Manipur,2026-04-27,12:08,1.4111397764029414,7.3726629821047975,14,9.449985357009709,1.9604601178302947,20.63497347774626,0
IOT_W005,Village_E_Well,well,Manipur,2026-04-28,08:58,2.677480423776993,7.723805438967641,35,3.259849293672914,1.2393125034598698,24.065398374331995,0
IOT_W005,Village_E_Well,well,Manipur,2026-04-29,09:58,2.2322070494698525,7.906437779126142,13,3.491025739004594,1.3975235867740181,22.87766429672101,0
IOT_W005,Village_E_Well,well,Manipur,2026-04-30,08:00,1.2932101402273983,7.803680524805663,2,6.508547402328179,1.199342422063356,20.41656274306812,0
IOT_W005,Village_E_Well,well,Manipur,2026-05-01,08:58,2.9413184403796326,8.00353535083114,28,8.080227866761797,1.3825043010325273,29.878672690973204,0
